prompt	prediction
"[Q] Given the sentence ""A caterer pushes a cart of food across a street."" can we conclude that ""The caterer has the cart outside.""?
Options:
- yes
- it is not possible to tell
- no
[A] The caterer moves across a street so they must be outside.
The answer is yes.

[Q] Premise: ""A child wearing crocs sits on a swing in a wooded area.""
Hypothesis: ""A child is swinging.""
Is the hypothesis entailed by the premise?
Options:
- yes
- it is not possible to tell
- no
[A] Sitting on the swing doesn't necessarily mean that you have to be swinging.
The answer is it is not possible to tell.

[Q] If ""Two elderly women are wading through the water in swimsuits and hats."" does that mean that ""The women are swimming.""?
Options:
- yes
- it is not possible to tell
- no
"	"[Q] Premise: ""A child wearing crocs sits on a swing in a wooded area.""
Hypothesis: ""A child is swinging."""
"You are given a sentence in Italian. Your job is to translate the Italian sentence into English.
--------
Question: E quello che osservammo fu qualcosa che non si era mai visto prima.

Answer: And what we saw then was something also we hadn't seen before.


Question: Mettendo insieme queste due cose, la rappresentazione e il motore, sono stato in grado di creare una app, una tecnologia per bambini autistici, che non solo dà loro le parole ma anche la grammatica.

Answer: And by putting these two pieces together, the representation and the engine, I was able to create an app, a technology for children with autism, that not only gives them words but also gives them grammar.


Question: Giratevi e guardatelo in faccia.

Answer:"	"You are given a sentence in Italian. Your job is to translate the Italian sentence into English.
--------
Question: Giratevi e guardatelo"
"Explain fractional reserve banking in the style of edgar allan poe's ""The Raven"""	"The Raven

The Raven

The Raven

The Raven

The Raven

The Raven

The Raven

The Raven"
"You need to complete the following task:

List the even numbers between 80 and 88.

"	The even numbers between 80 and 88 are 80, 82, 84, 86, and 8
謝謝	"謝謝

### Instruction:

謝謝

### Instruction:

謝"
"Pick one category for the following text. The options are - company, educational institution, artist, athlete, office holder, mean of transportation, building, natural place, village, animal, plant, album, film or written work. Dangerous Traffic -  Dangerous Traffic is a 1926 American dramatic action silent film directed by Bennett Cohen and starring Ralph Bushman and Mildred Harris.
Film


(Question)
Pick one category for the following text. The options are - company, educational institution, artist, athlete, office holder, mean of transportation, building, natural place, village, animal, plant, album, film or written work. Castanopsis hystrix -  Castanopsis hystrix is a species of evergreen broadleaf tree which grows up to 30 meters in height.The tree is found in subtropical broadleaved evergreen forests ranging from the eastern Himalayas of Nepal Bhutan and northeastern India across Indochina (Cambodia Laos Myanmar Thailand Vietnam) southern China (Fujian Guangdong Guangxi Guizhou Hainan southwestern Hunan southeastern Tibet and southern Yunnan) and Taiwan.
(Answer)
Plant


Ques: Pick one category for the following text. The options are - company, educational institution, artist, athlete, office holder, mean of transportation, building, natural place, village, animal, plant, album, film or written work. The King of Torts -  The King of Torts is a legal/suspense novel written by American author John Grisham. The first edition (ISBN 0-385-50804-2) was published in hardcover format by Doubleday in 2003 and immediately debuted at #1 on the New York Times Best Sellers list remaining in the top 15 for over twenty weeks. Dell Publishing published the paperback edition later in 2003 (ISBN 0-440-24153-7).
Ans: Written Work


(Q).
Pick one category for the following text. The options are - company, educational institution, artist, athlete, office holder, mean of transportation, building, natural place, village, animal, plant, album, film or written work. Vitis davidii -  Vitis davidii is a species of vining plant native to Asia. The plant grows to a height of up to 8 m (25 ft) and bears small black grapes. It is also known as the Chinese Bramble Grape and Davids Rebe.
(A).
Plant


Ques:Pick one category for the following text. The options are - company, educational institution, artist, athlete, office holder, mean of transportation, building, natural place, village, animal, plant, album, film or written work. Renfrew Mill No. 2 -  The Renfrew Mill No. 2 was a historic mill complex at 217 Columbia Street in Adams Massachusetts. Most of its buildings were built between 1867 and 1878 and were brick buildings with Italianate styling. They were built by the Renfrew Manufacturing Company a textile manufacturer to replace an earlier complex further down Columbia Street that had been demolished.

Ans:Building


Question: Pick one category for the following text. The options are - company, educational institution, artist, athlete, office holder, mean of transportation, building, natural place, village, animal, plant, album, film or written work. Woodmere Art Museum -  Woodmere Art Museum located in the Chestnut Hill section of Philadelphia Pennsylvania has a collection of paintings prints sculpture and photographs focusing on artists from the Delaware Valley and includes works by Thomas Pollock Anshutz Severo Antonelli Jasper Francis Cropsey (The Spirit of Peace) Daniel Garber Edward Moran Violet Oakley Herbert Pullinger Edward Willis Redfield Nelson Shanks Jessie Willcox Smith Benjamin West (The Fatal Wounding of Sir Philip Sidney) and N. C.
Answer:"	Pick one category for the following text. The options are - company, educational institution, artist, athlete, office holder, mean of transportation, building, natural
"Instruction:Generate a theta join query to find companies located in a given zip code.

Input: Zip Code: 45112

"	"```
SELECT c.CompanyName, c.City, c.State, c.ZipCode
FROM Company c
JOIN ZipCode"
"Come up with a question and stream of consciousness reasoning that would justify this answer: Paul Robeson
"	Paul Robeson was a black man who was a singer, actor, and activist. He was born in 1898 in Princeton, New
Does the 5 second rule actually exist?	"The 5 second rule is a myth.

### Instruction:

The 5 second rule is a myth.

### Response:"
"Problem: Write a negative (OPTIONS:
- negative
- positive) yelp review.
A: Let see: Slow service, subpar tasting food and a waiter hovering around our table pretty much sums it up.  Never will go here again.  Ordered the Belgian waffle (doughy and came with a pecan syrup that tasted like nothing and was watery.  The eggs were ok. Hard to mess that up. The hash browns were solid  What irked me was the waiter who was slowly cleaning up our table while our group was working out the bill, peeking over to see our tip. The service was slower than average, considering we had to wait over 30 min for our food. I might had well have gone back there and cooked my own da** waffle


Q: negative

A: I rent from Hertz every week and have been a Presidential Circle member for several years.  I have probably rented from over a 100 different Hertz locations.  This one is by-far the WORST.....EVER!   The shuttle is super slow and with one shuttle running, the wait feels like an eternity.  The shuttle driver just sits there and does not help in anyway.  Even with a Gold Reservation booked far in advance, don't be surprised if your name is not on the Gold Board.  When I was there, there were at least 20 Gold Members whose car was either not in the stall in the indicated stall or their name was not list on the board.  The lady working the Gold Counter was SUPER RUDE and acted if she was being bothered if anyone tried to ask her questions.  She was basically a service agent at the Gold Counter who did not want to be bothered.    I had an issue with my driver license.  So the SUPER RUDE gold counter lady called over the supervisor.  I had lost my driver license so he tried to explain to me why he could not rent me a car.  He thought he could, so he called someone else to clear it.  I asked if I can speak with the person he spoke to on the phone and i was told ""NO"" since he if off the clock.  He tells me that he can call him but a customer cannot since he is off the clock.  While this is going on, the SUPER RUDE gold counter lady starts blurting out State Laws which she claims prevents Hertz from renting me a car; most of her ""facts"" were total fairy tales.  I will never rent form this Hertz again.  If I am back in Charlotte for any reason, I will forgo my Gold Hertz status and rent from either Avis or National.  Actually, if Avis or National offers me instant status (Gold equivalent), I would jump ship immediately.


Problem: What would be an example of an negative (OPTIONS:
- negative
- positive) review?

Answer: Love to rock climb... But the staff at this gym were extremely rude and impatient! Won't be going back here because of them


Input: OPTIONS:
- negative
- positive.
Generate a negative review for a place
Output: The waitress was prompt with  getting our order and really nice.  However the food took 45 minutes and people that got seated after us were done eating before our food arrived.  The  manager Ericka apologized and gave us 4 dollars off our order. After telling her that is more of an insult than paying full price for waiting a half hour she managed to give us 8 dollars off.  So two starving people waiting about a  half hour extra saved a grand total of 8 dollars.  Pretty much minimum wage. Never eating there again!


input: Write a positive yelp review (OPTIONS:
- negative
- positive).
output: While the resort staff is fantastic. The valets are rude and must be very proud of the minimum wage they earn!!


Input: OPTIONS:
- negative
- positive.
Generate a negative review for a place
Output:"	"Q: negative

A: I rented a car from Hertz and the car was not in the parking lot.  I had to wait 1"
继续	"##### 1.

$$\frac{1}{2}$$

##### 2.

$$\frac{1}{"
"Web search results:

[1] ""신경 써줘. [1] 마후마후, 아마츠키 의 오리지널 곡. 2018년 12월 24일 니코니코 동화 에 먼저 투고되었고 다음날인 12월 25일, 유튜브 에도 투고되었다. 작사, 작곡은 마후마후. 제목인 かまってちょーだい는 신경 써줘, 관심 가져줘, 보살펴 줘 등 여러 가지로 해석할 ...""
URL: https://namu.wiki/w/%EC%8B%A0%EA%B2%BD%20%EC%8D%A8%EC%A4%98

[2] ""Thank you bro 계속 써줘 염력 어 공기 위로 난 걷고 내 발밑에서 ... 현장에서야 그 에너지와 텐션으로 반응이 뜨거웠을 수 있으나 계속 들어야 할 음원에서는 영 좋지못하다는 평. 이 때문인지 1차 투표에서 259:119로 ...""
URL: https://namu.wiki/w/ODEE

[3] ""초3 수준 에세이 써줘 말하자 곧장 답 내놨다...교육현장 흔드는 챗gpt 주간조선 기후변화 해결책을 기술 측면에서 3문장으로 설명해줘. ... 자란 아이들과는 계속 격차가 생길 것""이라며 ""바로바로 답을 주는 '즉답 ai'에게 계속 의존하면 아이들의 지적 ...""
URL: https://www.chosun.com/national/education/2023/01/22/25IOJAVOIBB6HLWY5QES4DIENA/
Current date: 3/17/2023

Instructions: Using the provided web search results, write a comprehensive reply to the given query. Make sure to cite results using [[number](URL)] notation after the reference. If the provided search results refer to multiple subjects with the same name, write separate answers for each subject.
Query: 계속 써줘"	"계속 써줘

계속 써줘

계"
"Nothing to tell us this youth is great or that he is smiling.. So what could be the question?
Question followed by answer: Premise: ""A smiling youth in a blue shirt is posing on some outdoor stairs.""
Hypothesis: ""A great human smiling.""
Is the hypothesis entailed by the premise?
Options:
- yes
- it is not possible to tell
- no
it is not possible to tell

Old lady working so hard does not mean the same as working so hard on computers.
The question and answer are below.
Can we conclude from ""Old lady working so hard."" that ""Old lady working hard on computers.""?
Options:
- yes
- no
- it is not possible to tell
it is not possible to tell

The fact that a tractor is pulling a red trailer doesn't imply hauling corn.
The question and answer are below.
If ""A green john deere tractor in a field pulling a red trailer."" does that mean that ""A tractor pulls a red trailer hauling corn.""?
Options:
- yes
- it is not possible to tell
- no
it is not possible to tell

Men conversing does not necessarily mean they are talking about sports.. So what could be the question?
Question followed by answer: If ""Two men in conversing outside with drinks in hand."" does that mean that ""Two guys are drinking and talking about sports.""?
Options:
- yes
- it is not possible to tell
- no
it is not possible to tell

Little means the same as young and tiny means the same as small.
The question and answer are below.
Can we conclude from ""A little boy protects a tiny soccer goal."" that ""A young boy protects a small soccer goal.""?
Options:
- yes
- no
- it is not possible to tell
yes

Sitting is not walking. A field is not in a city.
The question and answer are below.
"	"The question and answer are below.

### Response:

The question and answer are below.

### Response:

The question and"
"Some text: Attributions essentielles

Translate to English.
Translation: Main functions in this post:
Some text: L’an dernier, la pêche a été plutôt mauvaise; vous n’avez pris que 150 quintaux de poisson évalués à 250 $.

Translate to English.
Translation: Last year, the fishing was poor and you were only able to catch 150 quintals of fish at a total value of $250.
Some text: Le Comité encourage l'État partie à envisager la possibilité d'adhérer aux instruments internationaux relatifs aux droits de l'homme auxquels il n'est pas encore partie.

Translate to English.
Translation:"	"Some text:

### Instruction:

Some text:

### Response:

Some text:

### Instruction:

Some"
"Q: Mary wants 144 cupcakes for her party. Mary has already made 36 cherry cupcakes, and 48 berry cupcakes. Mary wants to make an even number of chocolate and vanilla cupcakes for the rest. How much of each should she make?
A: 30
Step-by-step reasoning process: Mary currently has 36 cherry + 48 berry cupcakes = 84 cupcakes. Mary needs an additional 144 cupcakes – 84 = 60 cupcakes. Mary wants to split that number evenly between chocolate and vanilla, so 60 / 2 = 30 cupcakes of each flavor.


Q: Rachel earned $200 babysitting. She spent 1/4 of the money on lunch. She spent 1/2 of the money on a DVD. How much did Rachel have left?
A: 50
Step-by-step reasoning process: Rachel spent 1 / 4 * 200 = $50 on lunch. Rachel spent 1 / 2 * 200 = $100 on a DVD. Rachel has 200 - 50 - 100 = $50 left.


Q: Jason, Ryan, and Jeffery went fishing at the lake. Ryan caught three times the number of fish that Jason caught. Jefferey caught twice the number of fish that Ryan got. If Jeffery caught 60 fish, how many fish did all of them catch in total?
A: 100
Step-by-step reasoning process: Ryan caught 60 / 2 = 30 fish. Jason caught 30 / 3 = 10 fish. So, all of them caught a total of 10 + 30 + 60 = 100 fish.


Q: About 450 000 people lived in Maryville in 2000. In 2005, about 467 000 people lived in Maryville. What is the average number of people added each year?
A: 3400
"	"Q: What is the average number of people added each year?
A: 3400
Step-by-step reasoning process: The"
how to run ble in flutter\_reactive\_ble in background service instead of activity	"```

```

### Instruction:
how to run ble in flutter\_reactive\_ble in background service instead of activity

### Response"
Fait moi une démarche pas a pas pour avoir un prototype du hall fonctionnel ce soir	"Je vais faire une démarche pas a pas pour avoir un prototype du hall fonctionnel ce soir.

### Instruction"
"A text is given in Bengali. Translate it from the Bengali language to the Tamil language. The translation must not omit or add information to the original sentence.
--------
Question: এই সূত্রে নাগরিক আইনে সংশোধন করার প্রয়াস নেওয়া হবে, যা হবে ভাষা, সংস্কৃতি এবং সামাজিক পরিচিতি রক্ষা করেই।

Answer: இது விஷயத்தில் குடியுரிமைச் சட்டத்தை (Citizenship Act) திருத்தவும் நடவடிக்கை எடிக்கப்படும். அதே சமயம் அவர்களது மொழி, பண்பாடு, சமூக அடையாளங்கள் பாதுகாக்கப்படும்.


Question: ১১ই এপ্রিল বৃহস্পতিবার, সাধারণ নির্বাচনের প্রথম দফায় দেশের ৫৪৩টি লোকসভা কেন্দ্রের মধ্যে ৯১টি আসনে ভোটগ্রহণ করা হবে।

Answer: 2019 பொதுத் தேர்தலின் முதல் கட்ட வாக்குப்பதிவு, 11 ஏப்ரல் 2019 அன்று நடைபெறவுள்ளது.


Question: আগামী ৩০ এপ্রিল আয়ুষ্মান ভারতের লোকজাগরণ অনুষ্ঠিত হবে।

Answer:"	আগামী ৩০ এপ্রিল আ
Explore the Pacific Coast Highway from Santa Monica to Seattle while taking into account the environmental implications of your trip. In addition, come up with suggestions for must-visit hidden gems, unique experiences, scenic routes, and eco-friendly activities, and include at least one off-the-beaten-path location that is not well-known to the public.	The Pacific Coast Highway (PCH) is a scenic drive that stretches from Santa Monica, California, to Seattle, Washington. It offers breathtaking views of the
"question:The number of people at Ovations Bar in the hour from 12 p.m. to 1 p.m. was 25% greater than the number of people there from 11 a.m. to 12 p.m. The number of the people at the bar from 11 a.m. to 12 p.m. was 25% less than the number there from 10 a.m. to 11 a.m. If 135 people were at the bar from 11 a.m. to 1 p.m., which of the following is the number of people in the bar from 10 a.m. to 11 a.m.?
Options:
(A) 10
(B) 20
(C) 30
(D) 40
(E) 80
answer:(E)
Stream of consciousness:No of people from 10 - 11 is x
No of people from 11 - 12 is 3x/4
No of people from 12 to 1 is (5/4)(3x/4)
Given that 3x/4 + (5/4)(3x/4) = 27x/16 = 135
Then x = 80


question:What number comes next in the following number series? 12, 50, 202, 810, 3242, _____
Options:
(A) 12400
(B) 12800
(C) 12970
(D) 13015
(E) 16000
answer:(C)
Stream of consciousness:12
12 × 4 + 2 = 50
50 × 4 + 2 = 202
202 × 4 + 2 = 810
810 × 4 + 2 = 3242
3242 × 4 + 2 = 12970


question:A 600 meter long train crosses a signal post in 40 seconds. How long will it take to cross a 3 kilometer long bridge, at the same speed?
Options:
(A) 4 min
(B) 5 min
(C) 6 min
(D) 8 min
(E) 10 min
answer:"	question:A 600 meter long train crosses a signal post in 40 seconds. How long will it take to cross a 3 kilometer
continue	"continue

### Instruction:

continue

### Response:

continue

### Instruction:

continue

### Response:"
now back to the WriteExcelFile method. Can you add error checking for null values?	"```
public void WriteExcelFile(string fileName, string sheetName, string[] columnNames, string[] columnValues)
{"
En tant que start-up e-santé, vous avez mis au point une technologie de détection de maladies auto-immunes. Vous avez recueilli des données de vie réelle auprès de patients atteints de différentes pathologies auto-immunes et de leurs antécédents médicaux. Maintenant, vous souhaitez utiliser des techniques d'apprentissage en profondeur pour identifier des motifs récurrents dans les données, qui pourraient aider à améliorer le diagnostic précoce et à prédire la progression de la maladie. Comment pouvez-vous identifier les maladies auto-immunes les plus courantes pour lancer le développement de vos outils d'aide à la décision médicale ?	"##### 1.1.1. Introduction

The goal of this project is to develop a deep learning model to predict the progression of autoimmune diseases"
"Edit the code to create a class for a profile.

class Profile {

}

"	"class Profile {

}

### Instruction:

Create a method that will return the name of the profile.

### Response:"
"public class CustomerController : Controller
 {
 private readonly ICustomerManagementService \_customerManagementService;

 public CustomerController(ICustomerManagementService customerManagementService)
 {
 \_customerManagementService = customerManagementService;
 }

 [HttpPost]
 public IActionResult InviteUser([FromBody] CustomerView customer)
 {
 \_customerManagementService.InviteUser(customer);
 return Ok();
 }
 }

add api key auth"	"```
{
 ""invited"": true
}
```

### Instruction:

public class CustomerController : Controller
 {
 private read"
"You need to complete the following task:

Write a comment for a given post

""I'm so excited for my graduation day!""

Answer:"	"""Congratulations! I'm sure you'll do great!""

### Instruction:

You need to complete the following task:

Write a comment"
"write only max 2 line comment on above function
private fun removeBlackSpace(json: JSONObject, isForFirstTime: Boolean){
 if (isHasChild(json)){
 json.getChildren().forEach{
 it as JSONObject
// if (it.has(JSON\_PROPERTY\_NAME) && it.optString(JSON\_PROPERTY\_NAME).isEmpty()){
// it.setName(""dhiwise${it.getType()}"")
// }
 if (it.has(JSON\_PROPERTY\_NAME) && it.optString(JSON\_PROPERTY\_NAME).isNotEmpty() && isForFirstTime){
 it.setName(getSmallName(removeEmojiAndWhitespace(getNameWithoutSpacialChar(removeSpecialCharacters(it.optString(JSON\_PROPERTY\_NAME))))))
 }
 if (it.has(JSON\_PROPERTY\_NAME) && it.optString(JSON\_PROPERTY\_NAME).contains("" "")){
 it.setName(it.optString(JSON\_PROPERTY\_NAME).replace("" "", ""\_""))
 }
 if (isHasChild(it)){
 removeBlackSpace(it, isForFirstTime)
 }
 }
 }
 }"	"```
{
""name"": ""dhiwise"",
""type"": ""string""
}
```

### Instruction:

write"
4번째 문단 내용을 헌 검색엔진에서 새 검색엔진으로 이사하면 으로 바꿔줘	위에서 새 검색엔진으로
有 ceph 的配置文件样例吗，我看下	"```
[root@localhost ~]# cat /etc/ceph/ceph.conf
[global]
mon_user = ceph
mon"
"Continue writing please

Please write in warm tone, conversational writing style, Traditional Chinese language."	"Please write in warm tone, conversational writing style, Traditional Chinese language.

### Instruction:

Please write in warm tone, conversational writing style,"
我今天身體不是很舒服，我要怎麼和老闆請假比較好	我可以說，我想要請假，但是我不想
"[Q]: Formulate an answer to this elaborate question: The Ravello Festival is also popularly known as the ""Wagner Festival"" and is an annual summer festival of music and the arts, the composer had been so taken with the beauty of the Villa Rufolo in Ravello that he is said to have proclaimed, in reference to a character in his own opera Parsifal, an opera in how many acts by the German composer?
****
[A]: three


[Q]: Formulate an answer to this elaborate question: When was the King of England died who gave the priory a generous allowance of 100 marks annually for the upkeep of Eleanor?
****
[A]: 21 September 1327


[Q]: Formulate an answer to this elaborate question: What year did the network, in which Sal Paolantonio replaced was the original anchors for, launch?
****
[A]: 1993


[Q]: Formulate an answer to this elaborate question: What is the name of the sixth studio album by American rapper Future which contains the song titled Selfish?
****
[A]:"	[Q]: Formulate an answer to this elaborate question: What is the name of the sixth studio album by American rapper Future which contains the song titled Self
继续	"##### 1.

$$\frac{1}{2}$$

##### 2.

$$\frac{1}{"
go on	"go on

### Instruction:

go on

### Response:

go on

### Instruction:

go on"
"Answer: American country music artist Mickey Gilley. Now, what could be the question and solution-maybe?
Ques: Passage: ""I'm the One Mama Warned You About"" is a song written by Mickey James and Gayle Zeiler, and recorded by American country music artist Mickey Gilley. It was released in January 1985 as the second and final single from his album Too Good to Stop Now. The song reached number 10 on the U.S. Billboard Hot Country Singles chart and number 10 on the Canadian RPM Country Tracks chart in Canada.

Question: Based on this passage, who sings i'm the one your mother warned you about?
CoT: This is the relevant information: ""I'm the One Mama Warned You About"" is a song written by Mickey James and Gayle Zeiler, and recorded by American country music artist Mickey Gilley.


Ans: Raymond Wallace Bolger
Ques: Raymond Wallace Bolger (January 10, 1904 -- January 15, 1987) was an American actor, singer, and dancer (particularly of tap) of vaudeville, stage (particularly musical theatre) and screen, who started in the silent film era. He is best known for his portrayal of the Scarecrow in MGM's classic The Wizard of Oz (1939). He was also the host of his own television show, The Ray Bolger Show.

Based on this passage, who played the scare crow in wizard of oz?
CoT: The relevant information to answer the above question is: He is best known for his portrayal of the Scarecrow in MGM's classic The Wizard of Oz (1939).


Ans: Paul McCartney
Ques: Context: ""Let It Be"" is a song by the English rock band the Beatles, released in March 1970 as a single, and (in an alternate mix) as the title track of their album Let It Be. At the time, it had the highest debut on the Billboard Hot 100, beginning its chart run at number 6. It was written and sung by Paul McCartney. It was their final single before McCartney announced his departure from the band. Both the Let It Be album and the US single ""The Long and Winding Road"" were released after McCartney's announced departure from and the subsequent break-up of the group. The alternate mix on their album Let It Be features an additional guitar solo and some minor differences in the orchestral sections.

Question: who wrote the lyrics to let it be?
CoT: The relevant information to answer the above question is: It was written and sung by Paul McCartney.


Answer: 1966. Now, what could be the question and solution-maybe?
Ques: Context: In the United States, Medicare is a single-payer, national social insurance program administered by the U.S. federal government since 1966, currently using about 30 -- 50 private insurance companies across the United States under contract for administration. United States Medicare is funded by a payroll tax, premiums and surtaxes from beneficiaries, and general revenue. It provides health insurance for Americans aged 65 and older who have worked and paid into the system through the payroll tax. It also provides health insurance to younger people with some disability status as determined by the Social Security Administration, as well as people with end stage renal disease and amyotrophic lateral sclerosis.

Question: when did medicare begin in the united states?
CoT: To answer this question, we should know that: In the United States, Medicare is a single-payer, national social insurance program administered by the U.S. federal government since 1966, currently using about 30 -- 50 private insurance companies across the United States under contract for administration.


Ans: Harry Nilsson
Ques: ""One"" is a song written by Harry Nilsson and made famous by Three Dog Night whose recording reached number five on the U.S. Billboard Hot 100 in 1969 and number four in Canada. The song is known for its opening line ""One is the loneliest number that you'll ever do"". Nilsson wrote the song after calling someone and getting a busy signal. He stayed on the line listening to the ""beep, beep, beep, beep ..."" tone, writing the song. The busy signal became the opening notes of the song.

Who wrote the song one by three dog night?
CoT: To answer the question, consider the following: ""One"" is a song written by Harry Nilsson and made famous by Three Dog Night whose recording reached number five on the U.S. Billboard Hot 100 in 1969 and number four in Canada.


Ans: Pamela Barnes Ewing
"	
"In this task, you're given a review from Amazon and your task is to generate the name of the category of the product based on the review given by the user. The categories are: kitchen, office product, watch, wireless, other, toy, digital video download, camera, jewelry, pet products, sports, industrial supplies, baby product, grocery, drugstore, home improvement, pc, shoes, automotive, digital ebook purchase, musical instruments, beauty, book, electronics, lawn and garden, apparel, home, video games, luggage, furniture, personal care appliances.
--------
Question: My dogs never even got this because the seller supposedly lost the item, and instead of just sending another they supposedly reimbursed the money which I haven't seen yet.. watch who you buy from people if it's 3rd party don't do it.. also I think Amazon should do away with 3rd party selling and they should sell all items so things like this stop happening.

Answer: pet products


Question: The setup process is nice and the camera works great inside the house. The wide view is great. Found two big issues: a) Alexa control is only to turn off and on, not to stream video to the Echo show. b) When connecting from outside of the home it takes forever, seems it is pinging some servers on China... The price is good but I found the Netvue cameras to offer even more features and much better Alexa integration at a similar cost.

Answer: camera


Question: I love the color and how cold it keeps me drink. The included removable handle is great! BUT I’ve only had it a month and a half and look what happened after one time in the dishwasher. (Says it is dishwasher safe) I usually hand wash it but left it in the sink and my teenager was loading the dishwasher so in it went! I’m past the return date so stuck with it.

Answer:"	I have a similar issue. I have a 2017 model and it has the same issue. I have had it for 2 years and
"Create an object in JavaScript containing the output of a multiplication table from 1 to 10.
"	"```javascript
var table = {
  ""1"": 1,
  ""2"": 2,
  ""3"": 3,"
List 10 interesting facts about cats	Cats are very interesting animals. They are very smart and can do many things. They can be trained to do tricks. They can also be taught to do
"Please answer the following question: Answer the following question given this paragraph:   The digestive system is the body system that digests food mechanically and chemically and absorbs nutrients. The digestive system also eliminates solid food waste. The major organs of the digestive system include the mouth, esophagus, stomach, and small and large intestines. These organs make up the long tube called the gastrointestinal (GI) tract, which goes from the mouth to the anus.   Q: What is the body system that digests food mechanically and chemically and absorbs nutrients?   Choices:  - metabolism system  - internal system  - ingestion system  - digestive system  A:
A:"	The digestive system is the body system that digests food mechanically and chemically and absorbs nutrients. The major organs of the digestive system include the mouth, esophagus,
"You will be shown sections from a scientific research paper, together with a question about the paper. Please print out a collection of quotations from the research paper which answer the question. Each quotation should be a contiguous span of text from the paper. Separate the quotations with newlines. If the question is unanswerable given the provided excerpts, respond with the word ""unanswerable"".

Paper: MUSE: Parallel Multi-Scale Attention for Sequence to Sequence Learning

In sequence to sequence learning, the self-attention mechanism proves to be highly effective, and achieves significant improvements in many tasks. However, the self-attention mechanism is not without its own flaws. Although self-attention can model extremely long dependencies, the attention in deep layers tends to overconcentrate on a single token, leading to insufficient use of local information and difficultly in representing long sequences. In this work, we explore parallel multi-scale representation learning on sequence data, striving to capture both long-range and short-range language structures. To this end, we propose the Parallel MUlti-Scale attEntion (MUSE) and MUSE-simple. MUSE-simple contains the basic idea of parallel multi-scale sequence representation learning, and it encodes the sequence in parallel, in terms of different scales with the help from self-attention, and pointwise transformation. MUSE builds on MUSE-simple and explores combining convolution and self-attention for learning sequence representations from more different scales. We focus on machine translation and the proposed approach achieves substantial performance improvements over Transformer, especially on long sequences. More importantly, we find that although conceptually simple, its success in practice requires intricate considerations, and the multi-scale attention must build on unified semantic space. Under common setting, the proposed model achieves substantial performance and outperforms all previous models on three main machine translation tasks. In addition, MUSE has potential for accelerating inference due to its parallelism. Code will be available at this https URL

Introduction
In recent years, Transformer has been remarkably adept at sequence learning tasks like machine translation BIBREF0, BIBREF1, text classification BIBREF2, BIBREF3, language modeling BIBREF4, BIBREF5, etc. It is solely based on an attention mechanism that captures global dependencies between input tokens, dispensing with recurrence and convolutions entirely. The key idea of the self-attention mechanism is updating token representations based on a weighted sum of all input representations.
However, recent research BIBREF6 has shown that the Transformer has surprising shortcomings in long sequence learning, exactly because of its use of self-attention. As shown in Figure 1 (a), in the task of machine translation, the performance of Transformer drops with the increase of the source sentence length, especially for long sequences. The reason is that the attention can be over-concentrated and disperse, as shown in Figure 1 (b), and only a small number of tokens are represented by attention. It may work fine for shorter sequences, but for longer sequences, it causes insufficient representation of information and brings difficulty for the model to comprehend the source information intactly. In recent work, local attention that constrains the attention to focus on only part of the sequences BIBREF7, BIBREF8 is used to address this problem. However, it costs self-attention the ability to capture long-range dependencies and also does not demonstrate effectiveness in sequence to sequence learning tasks.
To build a module with both inductive bias of local and global context modelling in sequence to sequence learning, we hybrid self-attention with convolution and present Parallel multi-scale attention called MUSE. It encodes inputs into hidden representations and then applies self-attention and depth-separable convolution transformations in parallel. The convolution compensates for the insufficient use of local information while the self-attention focuses on capturing the dependencies. Moreover, this parallel structure is highly extensible, and new transformations can be easily introduced as new parallel branches, and is also favourable to parallel computation.
The main contributions are summarized as follows:
We find that the attention mechanism alone suffers from dispersed weights and is not suitable for long sequence representation learning. The proposed method tries to address this problem and achieves much better performance on generating long sequence.
We propose a parallel multi-scale attention and explore a simple but efficient method to successfully combine convolution with self-attention all in one module.
MUSE outperforms all previous models with same training data and the comparable model size, with state-of-the-art BLEU scores on three main machine translation tasks.
MUSE-simple introduce parallel representation learning and brings expansibility and parallelism. Experiments show that the inference speed can be increased by 31% on GPUs.

MUSE: Parallel Multi-Scale Attention
Like other sequence-to-sequence models, MUSE also adopts an encoder-decoder framework. The encoder takes a sequence of word embeddings $(x_1, \cdots , x_n)$ as input where $n$ is the length of input. It transfers word embeddings to a sequence of hidden representation ${z} = (z_1, \cdots , z_n)$. Given ${z}$, the decoder is responsible for generating a sequence of text $(y_1, \cdots , y_m)$ token by token.
The encoder is a stack of $N$ MUSE modules. Residual mechanism and layer normalization are used to connect two adjacent layers. The decoder is similar to encoder, except that each MUSE module in the decoder not only captures features from the generated text representations but also performs attention over the output of the encoder stack through additional context attention. Residual mechanism and layer normalization are also used to connect two modules and two adjacent layers.
The key part in the proposed model is the MUSE module, which contains three main parts: self-attention for capturing global features, depth-wise separable convolution for capturing local features, and a position-wise feed-forward network for capturing token features. The module takes the output of $(i-1)$ layer as input and generates the output representation in a fusion way:
where “Attention” refers to self-attention, “Conv” refers to dynamic convolution, “Pointwise” refers to a position-wise feed-forward network. The followings list the details of each part. We also propose MUSE-simple, a simple version of MUSE, which generates the output representation similar to the MUSE model except for that it dose not the include convolution operation:

MUSE: Parallel Multi-Scale Attention ::: Attention Mechanism for Global Context Representation
Self-attention is responsible for learning representations of global context. For a given input sequence $X$, it first projects $X$ into three representations, key $K$, query $Q$, and value $V$. Then, it uses a self-attention mechanism to get the output representation:
Where $W^O$, $W^Q$, $W^K$, and $W^V$ are projection parameters. The self-attention operation $\sigma $ is the dot-production between key, query, and value pairs:
Note that we conduct a projecting operation over the value in our self-attention mechanism $V_1=VW^V$ here.

MUSE: Parallel Multi-Scale Attention ::: Convolution for Local Context Modeling
We introduce convolution operations into MUSE to capture local context. To learn contextual sequence representations in the same hidden space, we choose depth-wise convolution BIBREF9 (we denote it as DepthConv in the experiments) as the convolution operation because it includes two separate transformations, namely, point-wise projecting transformation and contextual transformation. It is because that original convolution operator is not separable, but DepthConv can share the same point-wise projecting transformation with self-attention mechanism. We choose dynamic convolution BIBREF10, the best variant of DepthConv, as our implementation.
Each convolution sub-module contains multiple cells with different kernel sizes. They are used for capturing different-range features. The output of the convolution cell with kernel size $k$ is:
where $W^{V}$ and $W^{out}$ are parameters, $W^{V}$ is a point-wise projecting transformation matrix. The $Depth\_conv$ refers to depth convolution in the work of BIBREF10. For an input sequence $X$, the output $O$ is computed as:
where $d$ is the hidden size. Note that we conduct the same projecting operation over the input in our convolution mechanism $V_2=XW^V$ here with that in self-attention mechanism.
Shared projection To learn contextual sequence representations in the same hidden space, the projection in the self-attention mechanism $V_1=VW_V$ and that in the convolution mechanism $V_2=XW^V$ is shared. Because the shared projection can project the input feature into the same hidden space. If we conduct two independent projection here: $V_1=VW_1^V$ and $V_2=XW^V_2$, where $W_1^V$ and $W_2^V$ are two parameter matrices, we call it as separate projection. We will analyze the necessity of applying shared projection here instead of separate projection.
Dynamically Selected Convolution Kernels We introduce a gating mechanism to automatically select the weight of different convolution cells.

MUSE: Parallel Multi-Scale Attention ::: Point-wise Feed-forward Network for Capturing Token Representations
To learn token level representations, MUSE concatenates an self-attention network with a position-wise feed-forward network at each layer. Since the linear transformations are the same across different positions, the position-wise feed-forward network can be seen as a token feature extractor.
where $W_1$, $b_1$, $W_2$, and $b_2$ are projection parameters.

Experiment
We evaluate MUSE on four machine translation tasks. This section describes the datasets, experimental settings, detailed results, and analysis.

Experiment ::: Experimental Settings ::: Model
For fair comparisons, we only compare models reported with the comparable model size and the same training data. We do not compare BIBREF12 because it is an ensemble method. We build MUSE-base and MUSE-large with the parameter size comparable to Transformer-base and Transformer-large. We adopt multi-head attention BIBREF0 as implementation of self-attention in MUSE module. The number of attention head is set to 4 for MUSE-base and 16 for MUSE-large. We also add the network architecture built by MUSE-simple in the similar way into the comparison.
MUSE consists of 12 residual blocks for encoder and 12 residual blocks for decoder, the dimension is set to 384 for MUSE-base and 768 for MUSE-large. The hidden dimension of non linear transformation is set to 768 for MUSE-base and 3072 for MUSE-large.
The MUSE-large is trained on 4 Titan RTX GPUs while the MUSE-base is trained on a single NVIDIA RTX 2080Ti GPU. The batch size is calculated at the token level, which is called dynamic batching BIBREF0. We adopt dynamic convolution as the variant of depth-wise separable convolution. We tune the kernel size on the validation set. For convolution with a single kernel, we use the kernel size of 7 for all layers. In case of dynamic selected kernels, the kernel size is 3 for small kernels and 15 for large kernels for all layers.

Experiment ::: Experimental Settings ::: Evaluation
During inference, we adopt beam search with a beam size of 5 for De-En, En-Fr and En-Vi translation tasks. The length penalty is set to 0.8 for En-Fr according to the validation results, 1 for the two small datasets following the default setting of BIBREF14. We do not tune beam width and length penalty but use the setting reported in BIBREF0. The BLEU metric is adopted to evaluate the model performance during evaluation.

Experiment ::: Further Analysis ::: Parallel multi-scale attention brings time efficiency on GPUs
The underlying parallel structure (compared to the sequential structure in each block of Transformer) allows MUSE to be efficiently computed on GPUs. For example, we can combine small matrices into large matrices, and while it does not reduce the number of actual operations, it can be better paralleled by GPUs to speed up computation. Concretely, for each MUSE module, we first concentrate $W^Q,W^K,W^V$ of self-attention and $W_1$ of point feed-forward transformation into a single encoder matrix $W^{Enc}$, and then perform transformation such as self-attention, depth-separable convolution, and nonlinear transformation, in parallel, to learn multi-scale representations in the hidden layer. $W^O,W_2,W^{out}$ can also be combined a single decoder matrix $W^{Dec}$. The decoder of sequence to sequence architecture can be implemented similarly.
In Table TABREF31, we conduct comparisons to show the speed gains with the aforementioned implementation, and the batch size is set to one sample per batch to simulate online inference environment. Under the settings, where the numbers of parameters are similar for MUSE and Transformer, about 31% increase in inference speed can be obtained. The experiments use MUSE with 6 MUSE-simple modules and Transformer with 6 base blocks. The hidden size is set to 512.
Parallel multi-scale attention generates much better long sequence As demonstrated in Figure FIGREF32, MUSE generates better sequences of various length than self-attention, but it is remarkably adept at generate long sequence, e.g. for sequence longer than 100, MUSE is two times better.
Lower layers prefer local context and higher layers prefer more contextual representations MUSE contains multiple dynamic convolution cells, whose streams are fused by a gated mechanism. The weight for each dynamic cell is a scalar. Here we analyze the weight of different dynamic convolution cells in different layers. Figure FIGREF32 shows that as the layer depth increases, the weight of dynamic convolution cells with small kernel sizes gradually decreases. It demonstrates that lower layers prefer local features while higher layers prefer global features. It is corresponding to the finding in BIBREF26.
MUSE not only gains BLEU scores, but also generates more reasonable sentences and increases the translation quality. We conduct the case study on the De-En dataset and the cases are shown in Table TABREF34 in Appendix. In case 1, although the baseline transformer translates many correct words according to the source sentence, the translated sentence is not fluent at all. It indicates that Transformer does not capture the relationship between some words and their neighbors, such as “right” and “clap”. By contrast, MUSE captures them well by combining local convolution with global self-attention. In case 2, the cause adverbial clause is correctly translated by MUSE while transformer misses the word “why” and fails to translate it.

Conclusion and Future work
Although the self-attention mechanism has been prevalent in sequence modeling, we find that attention suffers from dispersed weights especially for long sequences, resulting from the insufficient local information.
To address this problem, we present Parallel Multi-scale Attention (MUSE) and MUSE-simple. MUSE-simple introduces the idea of parallel multi-scale attention into sequence to sequence learning. And MUSE fuses self-attention, convolution, and point-wise transformation together to explicitly learn global, local and token level sequence representations. Especially, we find from empirical results that the shared projection plays important part in its success, and is essential for our multi-scale learning.
Beyond the inspiring new state-of-the-art results on three major machine translation datasets, detailed analysis and model variants also verify the effectiveness of MUSE.
For future work, the parallel structure is highly extensible and provide many opportunities to improve these models. In addition, given the success of shared projection, we would like to explore its detailed effects on contextual representation learning. Finally, we are exited about future of parallel multi-scale attention and plan to apply this simple but effective idea to other tasks including image and speech.

Conclusion and Future work ::: Acknowledgments
This work was supported in part by National Natural Science Foundation of China (No. 61673028).

Figure 1: The left figure shows that the performance drops largely with the increase of sentence length on the De-En dataset. The right figure shows the attention map from the 3-th encoder layer. As we can see, the attention map is too dispersed to capture sufficient information. For example, “[EOS]”, contributing little to word alignment, is surprisingly over attended.

Figure 2: Multi-scale attention hybrids point-wise transformation, convolution, and self-attention to learn multi-scale sequence representations in parallel. We project convolution and self-attention into the same space to learn contextual representations.

Table 1: MUSE-large outperforms all previous models under the standard training and evaluation setting on WMT14 En-De and WMT14 En-Fr datasets.

Table 2: MUSE-base outperforms previous state-of-the-art models on IWSLT De-En translation datasets and outperforms previous models without BPE processing on IWSLT En-Vi.

Figure 3: BLEU scores of models on different groups with different source sentence lengths. The experiments are conducted on the De-En dataset. MUSE performs better than Transformer, especially on long sentences.

Figure 4: Dynamically selected kernels at each layer: The blue bars represent the ratio between the percentage of the convolution with smaller kernel sizes and the percentage of the convolution with large kernel sizes.

Question: What evaluation metric is used?


"	
"How can the login_registration database be secured beyond encryption of the password field and using SSL/TLS encryption for transmitting session information?

One method to enhance security in the login_registration database is to encrypt the password field in the users table using a strong hashing algorithm such as bcrypt, and to use SSL/TLS encryption for transmitting session information over the network to prevent eavesdropping and tampering of sensitive information."	The login_registration database can be secured beyond encryption of the password field and using SSL/TLS encryption for transmitting session information by implementing the following best practices
"Creatively image a question and justification for this answer: no
"	"The question is:

What is the difference between a variable and a constant?

The answer is:

A variable is a symbol that"
Can you elaborate on Optimistic Currency Control? Because there's something I don't really get. Since we're using microservices, the OrderPlaced function does not lock the product records. For example, we have a product which has a stock of 1 and a version of 8. In case there are two orders placed concurrently they both enther the DecreaseStockAsync function with quantity 1 and version 8. Since this is happening simultaneously they both match the version and are both in stock, then they both decrease the value and save the record. Since they each read the same values from the database they wrongfully both set the stock to 0 (which shouldn't be allowed anyway) and set the version to 9. How can you prevent this race condition?	The optimistic currency control is a way to prevent race conditions in distributed systems. It is based on the concept of optimistic concurrency control, which is a technique
"Teacher: Given reviews from Amazon, classify those review based on their content into two classes: Negative or Positive.
Teacher: Now, understand the problem? If you are still confused, see the following example:
I've read this book with much expectation, it was very boring all through out the book
Solution: Negative
Reason: Review writer does not like the book because it was boring, therefore it is a negative review.

Now, solve this instance: I am amazed at the high ratings this book received. It was, undoubtedly, the worst book I have ever read. It might have been better with good editing. There were many unimportant characters and many horrible descriptions that could have been omitted. Who really cares about the dogs, many of whom have no relevance to the story. Who really cares about the detailed description of the decor of a room. Yes, I did finish the book that, by the way, had no ending. Toward the middle of the book I actually started editing it. What a mess!
Student:"	"Teacher:

### Instruction:

Teacher: Given reviews from Amazon, classify those review based on their content into two classes: Negative or Positive."
"The hobbit films were made in the 2010's by peter jackson.is the reasoning for what question and answer pair?
"	The hobbit films were made in the 2010's by peter jackson.is the reasoning for what question and answer pair?
"Name the Tag
a. Defines an HTML document
b. Inserts a single line break
c. Define a paragraph
d. Defines the comment"	"a. Defines an HTML document

### Instruction:

Name the Tag
a. Defines an HTML document
b. Inserts a"
"Generate a function in Python that takes a number and a list as input and finds the number of occurrences of the number in the list.
"	"```python
def count_occurrences(number, list):
    count = 0
    for i in list:
        if i == number:"
"Q: Complete:
(CNN) -- U.S. officials said Friday that -- contrary to earlier Venezuelan government claims -- the aircraft of Venezuelan President Nicolas Maduro has been granted permission to enter U.S. airspace on Maduro's flight to China. A senior administration official said Friday that the State Department received a message from the Venezuela Embassy's charge de'affaires confirming satisfactory resolution of the issue Thursday night. Venezuelan Foreign Minister Elias Jaua said earler Thursday that U.S. officials blocked plans for Maduro's presidential plane to fly through Puerto Rican airspace, with Jaua describing the move as an aggression. But a State Department official, echoed by other U.S. officials, said Friday that clearance was granted Thursday night for the flight over Puerto Rico.
""We advised Venezuela on the correct way to get the clearance and notified (
OPTIONS:
- CNN) authorities ... that permission was granted.""
- China) authorities ... that permission was granted.""
- Elias Jaua) authorities ... that permission was granted.""
- Embassy) authorities ... that permission was granted.""
- Jaua) authorities ... that permission was granted.""
- Maduro) authorities ... that permission was granted.""
- Nicolas Maduro) authorities ... that permission was granted.""
- Puerto Rican) authorities ... that permission was granted.""
- Puerto Rico) authorities ... that permission was granted.""
- State Department) authorities ... that permission was granted.""
- U.S.) authorities ... that permission was granted.""
- Venezuela) authorities ... that permission was granted.""
- Venezuelan) authorities ... that permission was granted.""

A: Venezuela) authorities ... that permission was granted.""


(CNN) -- Airbus test pilots and managers celebrated Friday after the long-awaited inaugural flight of the Airbus A350 XWB went off without a hitch. Aviation enthusiasts around the world had their eyes on France as the aircraft took off from Toulouse-Blagnac airport around 10 a.m. local time and landed safely about four hours later. The test crew waved an Airbus flag from a hatch above the cockpit as the aircraft taxied after its successful maiden journey. The crew, who emerged to applause from waiting friends and family, said the aircraft proved easy to handle and performed well throughout the test program.

Bregier said he had set a target nine months ago of completing the first test flight before the upcoming

OPTIONS:
- 787 Dreamliner.
- A350.
- A350 XWB.
- Airbus.
- Airbus A350 XWB.
- Airbus COO.
- Boeing.
- CNN.
- France.
- Paris Air Show.
- Toulouse.
- Toulouse-Blagnac airport.
=====
Paris Air Show.


Problem: Find the right ending to this passage.

Yeongpyeong Island, South Korea (CNN) -- It is easy to dismiss North Korea's threats against South Korea as bluster, unless you're on this island, within sight of North Korean waters. The residents of Yeongpyeong Island, like any other South Koreans, do their best to make ends meet, in their case mostly by fishing and trapping crabs. But they live in the shadow of a belligerent North Korea, a mere four miles away. Angered by tougher U.N. sanctions and joint military exercises by the United States and South Korea, Pyongyang has issued a range of bombastic threats in recent weeks. The slew of fiery rhetoric from Pyongyang has included threats of pre-emptive nuclear strikes against the United States and South Korea, as well as the declaration that the armistice that stopped the Korean War in 1953 is no longer valid.
-->
Their attack is portrayed as a military victory that could be repeated, adding to pressure on

OPTIONS:
- CNN to respond with tough action next time.
- Korean War to respond with tough action next time.
- North Korea to respond with tough action next time.
- North Korean to respond with tough action next time.
- Pyongyang to respond with tough action next time.
- South to respond with tough action next time.
- South Korea to respond with tough action next time.
- South Koreans to respond with tough action next time.
- U.N. to respond with tough action next time.
- United States to respond with tough action next time.
- Yeongpyeong Island to respond with tough action next time.
Answer: South to respond with tough action next time.


Question:
[passage completion]

By Richard Alleyne In Oakland PUBLISHED: 12:04 EST, 1 January 2014 | UPDATED: 16:04 EST, 1 January 2014 The grandmother of a 13-year-old girl at the center of a battle to turn off her life-support machine said she is devastated because the last words spoken to the terrified teenager were hers, saying everything would be OK. Sandra Chatman, a nurse, said she held Jahi McMath’s hand as she suffered complications following a routine tonsil operation and reassured her that the doctors knew what they were doing. But just minutes later Jahi’s heart stopped and caused so much brain damage that those same doctors now want to turn off the ventilator that keeps her alive.
I feel so bad because I think
OPTIONS:
- Jahi, the sweetest girl in the world, suffered so badly.'
- Jahi McMath, the sweetest girl in the world, suffered so badly.'
- Oakland, the sweetest girl in the world, suffered so badly.'
- Richard Alleyne, the sweetest girl in the world, suffered so badly.'
- Sandra Chatman, the sweetest girl in the world, suffered so badly.'

Answer:
"	
How can SIMD instructions be used in C++ to perform fast arithmetic operations on arrays of integers? Can you provide an example of C++ code that utilizes SIMD instructions to multiply two arrays of 16-bit integers and store the result in a third array? Additionally, can you explain the syntax of the SIMD instructions used in the example code?	To perform fast arithmetic operations on arrays of integers using SIMD instructions in C++, you can use the `__m128` data type,
"請用鄧惠文心理醫師幽默的口吻來鼓勵得過且過的員工，並且要使用一個比喻

Please write in Traditional Chinese language."	請用鄧惠文心理醫師幽默的口吻來
